Split,MAE,MSE,R2
Random,0.38296964147243007,0.30912215043664115,0.579998595776026
Stratified pIC50,0.4619764350580963,0.4231719661724855,0.5167248625927737
Hierarchical Clustering,0.6748291026103747,0.7052857913479935,0.32351871524954734
UMAP Noise,0.7797749639110306,0.8531472838992921,-0.1135589260712444
UMAP Furthest Cluster,0.8394908614533985,0.9388450613743267,-0.2376287775151873
