Split,MAE,MSE,R2
Random,0.38296964147243007,0.30912215043664115,0.579998595776026
Stratified pIC50,0.4619764350580963,0.4231719661724855,0.5167248625927737
Hierarchical Clustering,0.6748291026103747,0.7052857913479935,0.32351871524954734
UMAP Noise,0.7871130194152441,0.9135334396299859,-0.1791153774888694
UMAP Furthest Cluster,0.8394908614533985,0.9388450613743267,-0.2376287775151873
